{
  "gender": "female",
  "pieces": {
    "industrial": {"pos":[0.15942318033521252,0.4753320594240157,-0.005975508193852144],"rot":[0.8952260947706125,0.19710604297386544,-1.395852350366682],"scale":0.030700940641051236,"seatNormal":[0.9518448446739854,-0.12372028409568127,-0.28050790179750884],"region":"ear"},
    "black_spike": {"pos":[0.03102471881776884,0.3244978353409833,0.2010020588634292],"rot":[1.343209750447586,-0.6902250395490777,-2.207795832246605],"scale":0.00978312314730904,"seatNormal":[0,-0.35111509168755073,0.9363323087393937],"region":"lip"},
    "horseshoe": {"pos":[-0.0004308009875670085,0.4047339428270262,0.2253889076275797],"rot":[-0.3603373775545773,0.05078268132865575,0.04287335341604951],"scale":0.010833833188850322,"seatNormal":[-0.04280496637485115,-0.16975618368740383,0.9845560283465519],"region":"nose"},
    "teal_opal": {"pos":[0.02209458475655504,0.4239905862973552,0.22612862381214108],"rot":[1.9957674438075417,-1.0603925662479812,-0.3250738488382902],"scale":0.007559313629103205,"seatNormal":[-0.7115908697902197,0.2833240890638054,0.6429353735698196],"region":"nose"},
    "silver_ball": {"pos":[-0.0006105295801016458,0.32672803229749675,0.21028200894424665],"rot":[1.852221951339436,-0.09422121705625049,-1.725206588654277],"scale":0.00800353217335913,"seatNormal":[0.49696421723317924,-0.15894080705295213,0.8530910775779862],"region":"lip"},
    "black_hoop": {"pos":[0.14364197625336578,0.39335509686391673,0.027867863754288465],"rot":[3.055260841845604,0.627681182743846,-3.056024205778582],"scale":0.010836889550888393,"seatNormal":[0.9008130470710523,-0.1747776614080107,-0.3974778274310569],"region":"ear"},
    "ear_cz": {"pos":[0.14329721521805272,0.40188566175209184,0.02611697372339933],"rot":[-0.3107976805002942,0.8447046532911728,-1.6776838307420554],"scale":0.005415415106104437,"seatNormal":[0.9222594584855267,-0.3289509619462183,-0.2030486539444198],"region":"ear"},
    "silver_spike": {"pos":[0.03007835304761161,0.3245429072516474,0.200162676978239],"rot":[1.9912940877450052,0.33904391260025285,-0.5754530733079297],"scale":0.011560928292939336,"seatNormal":[-0.47687123890879735,-0.17723962794613568,0.8609180772797747],"region":"lip"},
    "rosegold_heart": {"pos":[0.00010784511084949361,-0.5338396849199878,0.18625954778051504],"rot":[-0.0010082421589469315,-0.014779169287271231,-0.014860750345761538],"scale":0.011563752571016408,"seatNormal":[0.01485858049057121,0.005284751505571528,0.9998756392608682],"region":"navel"},
    "green_navel": {"pos":[-0.00007190385462111509,-0.5345541463348392,0.18793676529740194],"rot":[-0.011939547616451314,0.04563415537687855,0.04841853895403332],"scale":0.012079235440012754,"seatNormal":[0.01485858049057121,0.005284751505571528,0.9998756392608682],"region":"navel"},
    "clicker": {"pos":[-0.0002657551444715235,0.4035689506919853,0.2261830503337765],"rot":[-0.3425874485526794,0.05078268132865573,0.042873353416049496],"scale":0.016575,"seatNormal":[-0.04280496637485115,-0.16975618368740383,0.9845560283465519],"region":"nose"},
    "star_stud": {"pos":[0.14359168394104252,0.40267735908655433,0.02439155964025673],"rot":[-0.2554544758419246,0.7847679706166254,-1.6531833062228252],"scale":0.007221799884249649,"seatNormal":[0.9495721306098598,-0.25758034768666294,-0.1787879561230824],"region":"ear"},
    "silver_heart": {"pos":[0.00010784511084949361,-0.5339686663771864,0.18839801002364917],"rot":[0.00932775984888726,-0.014779169287271231,-0.014860750345761536],"scale":0.012640100370116675,"seatNormal":[0.01485858049057121,0.005284751505571528,0.9998756392608682],"region":"navel"},
    "medusa_cz": {"pos":[0.02316456645542704,0.4237910964733764,0.22286036971908027],"rot":[-0.5062669247258982,0.6936108235792328,0.3406613693464593],"scale":0.008447570736064239,"seatNormal":[0,-0.8762127473206547,0.48192449764749534],"region":"lip"},
    "navel_heart": {"pos":[0.00018615223057012048,-0.5341917839421221,0.18735081971303036],"rot":[-0.07975051003112257,-0.014779169287271231,-0.014860750345761538],"scale":0.012640894724048534,"seatNormal":[0.01485858049057121,0.005284751505571528,0.9998756392608682],"region":"navel"},
    "nostril_cz": {"pos":[0.02132838286371235,0.4243713976922568,0.22350910307813532],"rot":[-0.501126371260445,0.9002969264224135,-0.6860382821537885],"scale":0.008931276846853225,"seatNormal":[0.7253018838577767,0.29054945363018997,0.6241139257119315],"region":"nose"}
  },
  "positions": []
}
