{
 "gender": "model",
 "pieces": {
  "ear_cz": {
   "pos": [
    0.12153468252552668,
    0.4069162139140582,
    -0.02781126672524124
   ],
   "rot": [
    -0.21305703281521382,
    0.2828160087366707,
    -1.8531102175932401
   ],
   "scale": 0.005415415106104437,
   "seatNormal": [
    0.9222594584855267,
    -0.3289509619462183,
    -0.2030486539444198
   ],
   "region": "ear"
  },
  "star_stud": {
   "pos": [
    0.131575656417103,
    0.43427887904633744,
    -0.028007817740089765
   ],
   "rot": [
    -0.18470263157623706,
    0.23071535778750513,
    -1.7929839293838858
   ],
   "scale": 0.007221799884249649,
   "seatNormal": [
    0.9495721306098598,
    -0.25758034768666294,
    -0.1787879561230824
   ],
   "region": "ear"
  },
  "sparkle_star": {
   "pos": [
    0.13588562757281886,
    0.4619021306052357,
    -0.042010388335674824
   ],
   "rot": [
    -0.22706000641586951,
    0.26373309567126957,
    -1.7214569422209276
   ],
   "scale": 0.008178360940442997,
   "seatNormal": [
    0.9544873585793194,
    -0.2042581993484762,
    -0.21733032533724314
   ],
   "region": "ear"
  },
  "black_hoop": {
   "pos": [
    0.13495774928835358,
    0.48208366761786897,
    -0.07149340561935975
   ],
   "rot": [
    -0.4568996095768921,
    0.44880252684546407,
    -1.5522905990800575
   ],
   "scale": 0.010836889550888393,
   "seatNormal": [
    0.9008130470710523,
    -0.1747776614080107,
    -0.3974778274310569
   ],
   "region": "ear"
  },
  "industrial": {
   "pos": [
    0.13848106614930664,
    0.5037371649530297,
    -0.05553567725352039
   ],
   "rot": [
    -0.29894501061576345,
    0.3096205251018353,
    -1.6064238803037227
   ],
   "scale": 0.030700940641051236,
   "seatNormal": [
    0.9518448446739854,
    -0.12372028409568127,
    -0.28050790179750884
   ],
   "region": "ear"
  },
  "nostril_cz": {
   "pos": [
    0.030949355439608042,
    0.4447476259114618,
    0.19849964551882648
   ],
   "rot": [
    0.7294458251780276,
    -0.3583807883155453,
    -0.8859394236002172
   ],
   "scale": 0.00453289898374264,
   "seatNormal": [
    0.7253018838577767,
    0.29054945363018997,
    0.6241139257119315
   ],
   "region": "nose"
  },
  "teal_opal": {
   "pos": [
    -0.03104478289790652,
    0.44478433701043396,
    0.19853817228383483
   ],
   "rot": [
    0.758936878988214,
    0.3645206525101815,
    0.8658313267070237
   ],
   "scale": 0.004513629712844036,
   "seatNormal": [
    -0.7115908697902197,
    0.2833240890638054,
    0.6429353735698196
   ],
   "region": "nose"
  },
  "horseshoe": {
   "pos": [
    -0.0002657551444715235,
    0.41999307966950594,
    0.2506553666940418
   ],
   "rot": [
    1.7393589933073754,
    0.050782681328655724,
    0.04287335341604949
   ],
   "scale": 0.010833833188850322,
   "seatNormal": [
    -0.04280496637485115,
    -0.16975618368740383,
    0.9845560283465519
   ],
   "region": "nose"
  },
  "clicker": {
   "pos": [
    -0.0002657551444715235,
    0.41999307966950594,
    0.2506553666940418
   ],
   "rot": [
    1.7393589933073754,
    0.050782681328655724,
    0.04287335341604949
   ],
   "scale": 0.010353630377153788,
   "seatNormal": [
    -0.04280496637485115,
    -0.16975618368740383,
    0.9845560283465519
   ],
   "region": "nose"
  },
  "black_spike": {
   "pos": [
    1.5693561949969853e-07,
    0.361266046965996,
    0.22690036469558045
   ],
   "rot": [
    1.9295580793823726,
    0,
    -0.0
   ],
   "scale": 0.006319392932352111,
   "seatNormal": [
    0,
    -0.35111509168755073,
    0.9363323087393937
   ],
   "region": "lip"
  },
  "silver_ball": {
   "pos": [
    0.03082308448225407,
    0.36154217192721705,
    0.21785568184971468
   ],
   "rot": [
    1.4141872183981392,
    -0.5283089917365918,
    -0.6131127481731296
   ],
   "scale": 0.0045133776598376245,
   "seatNormal": [
    0.49696421723317924,
    -0.15894080705295213,
    0.8530910775779862
   ],
   "region": "lip"
  },
  "silver_spike": {
   "pos": [
    -0.03234543158876111,
    0.3609527917368636,
    0.22025414224547724
   ],
   "rot": [
    1.4561285219005797,
    0.5224299357218736,
    0.5826905701168289
   ],
   "scale": 0.007221573355165816,
   "seatNormal": [
    -0.47687123890879735,
    -0.17723962794613568,
    0.8609180772797747
   ],
   "region": "lip"
  },
  "medusa_cz": {
   "pos": [
    1.5693561949969853e-07,
    0.40236074728431587,
    0.22906864655426798
   ],
   "rot": [
    2.6387428827653916,
    0,
    -0.0
   ],
   "scale": 0.004513055984833338,
   "seatNormal": [
    0,
    -0.8762127473206547,
    0.48192449764749534
   ],
   "region": "lip"
  },
  "green_navel": {
   "pos": [
    0.00010784511084949361,
    -0.5590577389116977,
    0.19328188185154085
   ],
   "rot": [
    1.5652913294931772,
    -0.014779169287271228,
    -0.014860750345761536
   ],
   "scale": 0.012079235440012754,
   "seatNormal": [
    0.01485858049057121,
    0.005284751505571528,
    0.9998756392608682
   ],
   "region": "navel"
  },
  "navel_heart": {
   "pos": [
    0.00010784511084949361,
    -0.5590577389116977,
    0.19328188185154085
   ],
   "rot": [
    1.5652913294931772,
    -0.014779169287271228,
    -0.014860750345761536
   ],
   "scale": 0.012640894724048534,
   "seatNormal": [
    0.01485858049057121,
    0.005284751505571528,
    0.9998756392608682
   ],
   "region": "navel"
  },
  "rosegold_heart": {
   "pos": [
    0.00010784511084949361,
    -0.5590577389116977,
    0.19328188185154085
   ],
   "rot": [
    1.5652913294931772,
    -0.014779169287271228,
    -0.014860750345761536
   ],
   "scale": 0.012640840712702264,
   "seatNormal": [
    0.01485858049057121,
    0.005284751505571528,
    0.9998756392608682
   ],
   "region": "navel"
  },
  "silver_heart": {
   "pos": [
    0.00010784511084949361,
    -0.5590577389116977,
    0.19328188185154085
   ],
   "rot": [
    1.5652913294931772,
    -0.014779169287271228,
    -0.014860750345761536
   ],
   "scale": 0.012640100370116675,
   "seatNormal": [
    0.01485858049057121,
    0.005284751505571528,
    0.9998756392608682
   ],
   "region": "navel"
  },
  "ball_disc_navel": {
   "pos": [
    0.00010015309833306547,
    -0.559060474729884,
    0.19276426471193947
   ],
   "rot": [
    1.5652913294931772,
    -0.014779169287271228,
    -0.014860750345761536
   ],
   "scale": 0.011738489142258631,
   "seatNormal": [
    0.01485858049057121,
    0.005284751505571528,
    0.9998756392608682
   ],
   "region": "navel"
  }
 },
 "positions": []
}