{
 "gender": "model",
 "pieces": {
  "ear_cz": {
   "pos": [
    0.07680752860120804,
    0.8852592957073342,
    0.028877159878540476
   ],
   "rot": [
    0.3356793790451131,
    -0.37227148714406455,
    -1.6762580568482133
   ],
   "scale": 0.0045665196258565955,
   "seatNormal": [
    0.9263281623462566,
    -0.21854269186608538,
    0.3068472380128794
   ],
   "region": "ear"
  },
  "star_stud": {
   "pos": [
    0.08403747407773238,
    0.9082869810420677,
    0.029084612670998915
   ],
   "rot": [
    0.26249024251085884,
    -0.30797220640463624,
    -1.7320712404201506
   ],
   "scale": 0.0060897438625268936,
   "seatNormal": [
    0.940584119620133,
    -0.23271300225935554,
    0.24727752121423593
   ],
   "region": "ear"
  },
  "sparkle_star": {
   "pos": [
    0.09172688718952084,
    0.9317125298603672,
    0.01726014867613771
   ],
   "rot": [
    0.12288728134596931,
    -0.13732770493313567,
    -1.6819828357444466
   ],
   "scale": 0.0068963588220178305,
   "seatNormal": [
    0.9844686399353867,
    -0.12679772270278503,
    0.12142419240479858
   ],
   "region": "ear"
  },
  "black_hoop": {
   "pos": [
    0.09897281845726433,
    0.9493096549472032,
    -0.005624272021239413
   ],
   "rot": [
    0.13095472705772873,
    -0.13264646366531835,
    -1.58366896130885
   ],
   "scale": 0.00913814875642476,
   "seatNormal": [
    0.9911332263367323,
    -0.030030957184566456,
    0.12943364810557895
   ],
   "region": "ear"
  },
  "industrial": {
   "pos": [
    0.09315773839760132,
    0.9669895487135952,
    0.005455581052407086
   ],
   "rot": [
    0.12419673983771377,
    -0.11474143344875447,
    -1.4915052308226997
   ],
   "scale": 0.025888402868985014,
   "seatNormal": [
    0.9903031882012684,
    0.06445976105191657,
    0.12306313275523764
   ],
   "region": "ear"
  },
  "nostril_cz": {
   "pos": [
    0.026019622620681204,
    0.9168998648451061,
    0.07996124386927744
   ],
   "rot": [
    1.1059899911788456,
    -0.4820957398498008,
    -0.7580337523859856
   ],
   "scale": 0.0038223426580822843,
   "seatNormal": [
    0.6091378171892444,
    0.04058246055764145,
    0.7920253680059814
   ],
   "region": "nose"
  },
  "teal_opal": {
   "pos": [
    -0.026096600995911736,
    0.9169049950779158,
    0.0800614334589013
   ],
   "rot": [
    1.1059899911788456,
    0.4820957398498008,
    0.7580337523859856
   ],
   "scale": 0.003806093949163326,
   "seatNormal": [
    -0.6091378171892444,
    0.04058246055764145,
    0.7920253680059814
   ],
   "region": "nose"
  },
  "horseshoe": {
   "pos": [
    1.2898907386649234e-08,
    0.8994255389213318,
    0.09998866357001389
   ],
   "rot": [
    1.107201811850161,
    0,
    -0.0
   ],
   "scale": 0.009135571495594866,
   "seatNormal": [
    0,
    0.4471661061022076,
    0.8944509341229342
   ],
   "region": "nose"
  },
  "clicker": {
   "pos": [
    1.2898907386649234e-08,
    0.8994255389213318,
    0.09998866357001389
   ],
   "rot": [
    1.107201811850161,
    0,
    -0.0
   ],
   "scale": 0.00873064306055544,
   "seatNormal": [
    0,
    0.4471661061022076,
    0.8944509341229342
   ],
   "region": "nose"
  },
  "black_spike": {
   "pos": [
    -3.3050329650477716e-06,
    0.8470904734004352,
    0.08448080634501186
   ],
   "rot": [
    1.508352924523043,
    0.0030844710507966417,
    0.0032833495324470535
   ],
   "scale": 0.005328794059859991,
   "seatNormal": [
    -0.0032833280143650125,
    0.062392386533198334,
    0.9980462964511427
   ],
   "region": "lip"
  },
  "silver_ball": {
   "pos": [
    0.025959400330851676,
    0.8468514831330533,
    0.07649295186880338
   ],
   "rot": [
    1.5245134194517562,
    -0.5332254097726699,
    -0.5572332440628396
   ],
   "scale": 0.003805881406822991,
   "seatNormal": [
    0.45542223498607826,
    -0.2292614383177738,
    0.8602498362573231
   ],
   "region": "lip"
  },
  "silver_spike": {
   "pos": [
    -0.027200334080141036,
    0.8462268659085035,
    0.07883706252323852
   ],
   "rot": [
    1.524492311113407,
    0.5332140830513467,
    0.5572326347463934
   ],
   "scale": 0.006089552843096825,
   "seatNormal": [
    -0.4554248344178114,
    -0.22923784939534755,
    0.8602547463397718
   ],
   "region": "lip"
  },
  "medusa_cz": {
   "pos": [
    1.5473374507645313e-05,
    0.8814089400612894,
    0.09672523314194356
   ],
   "rot": [
    2.4317749840829883,
    -0.05862249180874874,
    -0.0217309487559458
   ],
   "scale": 0.003805610156107868,
   "seatNormal": [
    0.02169191182568862,
    -0.7591312980834515,
    0.6505760011186091
   ],
   "region": "lip"
  },
  "green_navel": {
   "pos": [
    9.594468492921237e-05,
    0.06949476124368768,
    0.07359847779329493
   ],
   "rot": [
    1.749416461056032,
    -0.018788775022018502,
    -0.01570047389552699
   ],
   "scale": 0.010185750237314682,
   "seatNormal": [
    0.01569705778280774,
    -0.17794020344841643,
    0.9839160972225729
   ],
   "region": "navel"
  },
  "navel_heart": {
   "pos": [
    9.594468492921237e-05,
    0.06949476124368768,
    0.07359847779329493
   ],
   "rot": [
    1.749416461056032,
    -0.018788775022018502,
    -0.01570047389552699
   ],
   "scale": 0.010659366404005726,
   "seatNormal": [
    0.01569705778280774,
    -0.17794020344841643,
    0.9839160972225729
   ],
   "region": "navel"
  },
  "rosegold_heart": {
   "pos": [
    9.594468492921237e-05,
    0.06949476124368768,
    0.07359847779329493
   ],
   "rot": [
    1.749416461056032,
    -0.018788775022018502,
    -0.01570047389552699
   ],
   "scale": 0.010659320859228837,
   "seatNormal": [
    0.01569705778280774,
    -0.17794020344841643,
    0.9839160972225729
   ],
   "region": "navel"
  },
  "silver_heart": {
   "pos": [
    9.594468492921237e-05,
    0.06949476124368768,
    0.07359847779329493
   ],
   "rot": [
    1.749416461056032,
    -0.018788775022018502,
    -0.01570047389552699
   ],
   "scale": 0.010658696569330332,
   "seatNormal": [
    0.01569705778280774,
    -0.17794020344841643,
    0.9839160972225729
   ],
   "region": "navel"
  },
  "ball_disc_navel": {
   "pos": [
    8.909241449908197e-05,
    0.06957243786380922,
    0.07316896678097567
   ],
   "rot": [
    1.749416461056032,
    -0.018788775022018502,
    -0.01570047389552699
   ],
   "scale": 0.009898417756674709,
   "seatNormal": [
    0.01569705778280774,
    -0.17794020344841643,
    0.9839160972225729
   ],
   "region": "navel"
  }
 },
 "positions": []
}