{
 "gender": "female",
 "pieces": {
  "ear_cz": {
   "pos": [
    -1.1748663818194478,
    1.6609600974687737,
    0.01343282510787096
   ],
   "rot": [
    -0.1686066225716714,
    0.24788533278825953,
    -1.9495646456344948
   ],
   "scale": 0.005560592717884151,
   "seatNormal": [
    0.9007207530603347,
    -0.40278715030545637,
    -0.1626795517427851
   ],
   "region": "ear"
  },
  "star_stud": {
   "pos": [
    -1.1272456166341345,
    1.6900478732794508,
    0.01511075946544229
   ],
   "rot": [
    0.8196743123761033,
    -0.4400244628727169,
    -0.9507757477996419
   ],
   "scale": 0.007415403447301454,
   "seatNormal": [
    0.7363385884769014,
    0.14315069888730167,
    0.6612967265365236
   ],
   "region": "ear"
  },
  "sparkle_star": {
   "pos": [
    -1.1566586809019672,
    1.7174443723950465,
    -0.0009339421859746353
   ],
   "rot": [
    -0.1290232734788445,
    0.15859688671406372,
    -1.7764153600680774
   ],
   "scale": 0.008397608197826393,
   "seatNormal": [
    0.9666490066786981,
    -0.22236858143483304,
    -0.12705082399475626
   ],
   "region": "ear"
  },
  "black_hoop": {
   "pos": [
    -1.1535266338019776,
    1.7379634694363653,
    -0.03059833923847656
   ],
   "rot": [
    -0.2797655003780361,
    0.31947857596246204,
    -1.7051331240029437
   ],
   "scale": 0.011127407214501117,
   "seatNormal": [
    0.9408455788310127,
    -0.21466913265645104,
    -0.26215789188705346
   ],
   "region": "ear"
  },
  "industrial": {
   "pos": [
    -1.15111736614427,
    1.7604415190312503,
    -0.014965417928430596
   ],
   "rot": [
    -0.19029367846420003,
    0.2092503533806445,
    -1.6662480218924374
   ],
   "scale": 0.03152397805449613,
   "seatNormal": [
    0.9737341502281185,
    -0.13269848710976476,
    -0.18502139389352718
   ],
   "region": "ear"
  },
  "nostril_cz": {
   "pos": [
    -1.2681486222198612,
    1.699869638950196,
    0.23798823024652946
   ],
   "rot": [
    0.7216264104339765,
    -0.3640736593301681,
    -0.9077325897790709
   ],
   "scale": 0.004654417913687022,
   "seatNormal": [
    0.7364526469144179,
    0.2767133166366686,
    0.6173064386904469
   ],
   "region": "nose"
  },
  "teal_opal": {
   "pos": [
    -1.3318075536684586,
    1.6998979396073146,
    0.23826580828761262
   ],
   "rot": [
    0.7876067953319997,
    0.37701053445373245,
    0.8608333455003135
   ],
   "scale": 0.004634632068033763,
   "seatNormal": [
    -0.7051240544448353,
    0.262021496483298,
    0.6588966559513942
   ],
   "region": "nose"
  },
  "horseshoe": {
   "pos": [
    -1.2999366465316897,
    1.6735287047366654,
    0.291845859942991
   ],
   "rot": [
    1.8925129564366585,
    0,
    -0.0
   ],
   "scale": 0.011124268916852805,
   "seatNormal": [
    0,
    -0.31619558198652686,
    0.9486940254540458
   ],
   "region": "nose"
  },
  "clicker": {
   "pos": [
    -1.2999366465316897,
    1.6735287047366654,
    0.291845859942991
   ],
   "rot": [
    1.8925129564366585,
    0,
    -0.0
   ],
   "scale": 0.010631192724998689,
   "seatNormal": [
    0,
    -0.31619558198652686,
    0.9486940254540458
   ],
   "region": "nose"
  },
  "black_spike": {
   "pos": [
    -1.2999366465316897,
    1.614043223867986,
    0.26539291045295865
   ],
   "rot": [
    2.034376090889263,
    0,
    -0.0
   ],
   "scale": 0.006488804575936427,
   "seatNormal": [
    0,
    -0.4471529121416674,
    0.8944575301059444
   ],
   "region": "lip"
  },
  "silver_ball": {
   "pos": [
    -1.2682703270267492,
    1.6142218464091558,
    0.2550195543247153
   ],
   "rot": [
    1.5141067628286817,
    -0.7068338128564178,
    -0.7444665515732529
   ],
   "scale": 0.004634373257936196,
   "seatNormal": [
    0.5152463529081506,
    -0.39766322418487227,
    0.7592003397955915
   ],
   "region": "lip"
  },
  "silver_spike": {
   "pos": [
    -1.3330666404450984,
    1.6126479046089224,
    0.25698637647468836
   ],
   "rot": [
    1.6647085734109361,
    0.6983476355913961,
    0.6400377748583771
   ],
   "scale": 0.007415170845377267,
   "seatNormal": [
    -0.4574185536833746,
    -0.4575098620819859,
    0.7625306504291692
   ],
   "region": "lip"
  },
  "medusa_cz": {
   "pos": [
    -1.3000290285546787,
    1.6563782908985858,
    0.26592791224851947
   ],
   "rot": [
    2.5585113925342062,
    0.3783921337129865,
    0.11480052865920821
   ],
   "scale": 0.004634042959399277,
   "seatNormal": [
    -0.10644534914936447,
    -0.8525751810264994,
    0.5116492434687087
   ],
   "region": "lip"
  },
  "green_navel": {
   "pos": [
    -1.2989615976325095,
    0.6704768793651146,
    0.22120761705022113
   ],
   "rot": [
    1.372292019887863,
    -0.1082904816240813,
    -0.13217921292142645
   ],
   "scale": 0.012403058179165139,
   "seatNormal": [
    0.13102264579903725,
    0.1815185245637982,
    0.974619972875583
   ],
   "region": "navel"
  },
  "navel_heart": {
   "pos": [
    -1.2989615976325095,
    0.6704768793651146,
    0.22120761705022113
   ],
   "rot": [
    1.372292019887863,
    -0.1082904816240813,
    -0.13217921292142645
   ],
   "scale": 0.012979774545971602,
   "seatNormal": [
    0.13102264579903725,
    0.1815185245637982,
    0.974619972875583
   ],
   "region": "navel"
  },
  "rosegold_heart": {
   "pos": [
    -1.2989615976325095,
    0.6704768793651146,
    0.22120761705022113
   ],
   "rot": [
    1.372292019887863,
    -0.1082904816240813,
    -0.13217921292142645
   ],
   "scale": 0.012979719086677555,
   "seatNormal": [
    0.13102264579903725,
    0.1815185245637982,
    0.974619972875583
   ],
   "region": "navel"
  },
  "silver_heart": {
   "pos": [
    -1.2989615976325095,
    0.6704768793651146,
    0.22120761705022113
   ],
   "rot": [
    1.372292019887863,
    -0.1082904816240813,
    -0.13217921292142645
   ],
   "scale": 0.012978958896828853,
   "seatNormal": [
    0.13102264579903725,
    0.1815185245637982,
    0.974619972875583
   ],
   "region": "navel"
  },
  "ball_disc_navel": {
   "pos": [
    -1.299031243982451,
    0.6703803914442248,
    0.22068954841195745
   ],
   "rot": [
    1.372292019887863,
    -0.1082904816240813,
    -0.13217921292142645
   ],
   "scale": 0.012053177081444351,
   "seatNormal": [
    0.13102264579903725,
    0.1815185245637982,
    0.974619972875583
   ],
   "region": "navel"
  }
 },
 "positions": []
}